[
    { "id":1,  "name":"Edelmira Falgoust", "avatar":"http://cdn0.4dots.com/i/customavatars/avatar7112_1.gif", "info":"Vietnam" , "href": "http://awesome.dev/user/1234"},
    { "id":2,  "name":"Kirby Mcmurtrie", "avatar":"http://cdn0.4dots.com/i/customavatars/avatar7112_1.gif", "info":"Vietnam" , "href": "http://awesome.dev/user/1234"},
    { "id":3,  "name":"Dorthey Meeker", "avatar":"http://cdn0.4dots.com/i/customavatars/avatar7112_1.gif", "info":"Vietnam" , "href": "http://awesome.dev/user/1234"},
    { "id":4,  "name":"Tamala Whisenhunt", "avatar":"http://cdn0.4dots.com/i/customavatars/avatar7112_1.gif", "info":"Vietnam" , "href": "http://awesome.dev/user/1234"},
    { "id":5,  "name":"Cecelia Heck", "avatar":"http://cdn0.4dots.com/i/customavatars/avatar7112_1.gif", "info":"Vietnam" , "href": "http://awesome.dev/user/1234"},
    { "id":6,  "name":"Jodee Loop", "avatar":"http://cdn0.4dots.com/i/customavatars/avatar7112_1.gif", "info":"Vietnam" , "href": "http://awesome.dev/user/1234"},
    { "id":7,  "name":"Ashli Huffine", "avatar":"http://cdn0.4dots.com/i/customavatars/avatar7112_1.gif", "info":"Vietnam" , "href": "http://awesome.dev/user/1234"},
    { "id":8,  "name":"Thi Howington", "avatar":"http://cdn0.4dots.com/i/customavatars/avatar7112_1.gif", "info":"Vietnam" , "href": "http://awesome.dev/user/1234"},
    { "id":9,  "name":"Janita Keagle", "avatar":"http://cdn0.4dots.com/i/customavatars/avatar7112_1.gif", "info":"Vietnam" , "href": "http://awesome.dev/user/1234"},
    { "id":10, "name":"Shayla Pair", "avatar":"http://cdn0.4dots.com/i/customavatars/avatar7112_1.gif", "info":"Vietnam" , "href": "http://awesome.dev/user/1234"},
    { "id":11, "name":"Marg Brunelle", "avatar":"http://cdn0.4dots.com/i/customavatars/avatar7112_1.gif", "info":"Vietnam" , "href": "http://awesome.dev/user/1234"},
    { "id":12, "name":"Derrick Clink", "avatar":"http://cdn0.4dots.com/i/customavatars/avatar7112_1.gif", "info":"Vietnam" , "href": "http://awesome.dev/user/1234"},
    { "id":13, "name":"Felicitas Solum", "avatar":"http://cdn0.4dots.com/i/customavatars/avatar7112_1.gif", "info":"Vietnam" , "href": "http://awesome.dev/user/1234"},
    { "id":14, "name":"Ka Maloney", "avatar":"http://cdn0.4dots.com/i/customavatars/avatar7112_1.gif", "info":"Vietnam" , "href": "http://awesome.dev/user/1234"},
    { "id":15, "name":"Kiera Lore", "avatar":"http://cdn0.4dots.com/i/customavatars/avatar7112_1.gif", "info":"Vietnam" , "href": "http://awesome.dev/user/1234"},
    { "id":16, "name":"Johnnie Riggin", "avatar":"http://cdn0.4dots.com/i/customavatars/avatar7112_1.gif", "info":"Vietnam" , "href": "http://awesome.dev/user/1234"},
    { "id":17, "name":"Anita Lor", "avatar":"http://cdn0.4dots.com/i/customavatars/avatar7112_1.gif", "info":"Vietnam" , "href": "http://awesome.dev/user/1234"},
    { "id":18, "name":"Luther Balke", "avatar":"http://cdn0.4dots.com/i/customavatars/avatar7112_1.gif", "info":"Vietnam", "href": "http://awesome.dev/user/1234" }
]
